{
    "total_loss": [
        0.8822510754971793,
        0.17559754701726366,
        0.1431426119172212,
        0.12883256443522192,
        0.12798004207963293,
        0.12018446838765433,
        0.11810983107848601,
        0.11695012421996305,
        0.11187959360805425,
        0.10671022585169836,
        0.10625593347305601,
        0.10498316563440091,
        0.10449985064791911,
        0.10807727954604408,
        0.10364069563872887,
        0.09929054224807204,
        0.09394493620052483,
        0.09370732211479635,
        0.09721512082173969,
        0.0969797277427984,
        0.09192160347645933,
        0.09145819474801872,
        0.10212431616629615,
        0.0822084711469484,
        0.07653518032395479,
        0.07915067345355496,
        0.07313021633661154,
        0.07497530693018978,
        0.07205674498144424,
        0.07060092439254124,
        0.07378605104079752,
        0.07236791627876686,
        0.07826989454527696,
        0.06887341076225946,
        0.06988312230642998,
        0.06465875828695117,
        0.05942612406656598,
        0.05973647879154393,
        0.061875038356943565,
        0.060710710106473983,
        0.06080678664147854,
        0.057839780735472836,
        0.06048443128891064,
        0.06068092223369714,
        0.055464242585003376,
        0.05370167188459274,
        0.05542560737354286,
        0.054580467865999904,
        0.05461816069190249,
        0.055208317201697464
    ],
    "dft_loss": [
        0.8071076849644835,
        0.16454945109558827,
        0.13707548662117033,
        0.12417869275492249,
        0.12285675063277736,
        0.11571192865570386,
        0.11432100781662898,
        0.11387292623068347,
        0.10917250394369617,
        0.10407528185257406,
        0.10409250358740489,
        0.10253559882667931,
        0.10122442420459155,
        0.10550942074394587,
        0.10094817722159805,
        0.09643763348911748,
        0.09193750070125768,
        0.09176478139830357,
        0.09502254116038482,
        0.0949474364857782,
        0.08965903881824377,
        0.08957528893017408,
        0.1001436086089322,
        0.0805777505491719,
        0.07519057901068167,
        0.07774461427647056,
        0.07180411134366736,
        0.0737028197300705,
        0.0706174082941178,
        0.06930193513857597,
        0.07261233641342683,
        0.07099888885788845,
        0.07704878053769018,
        0.06776741666324211,
        0.06856175630607388,
        0.06355516138401898,
        0.05849008874572588,
        0.05879731930679444,
        0.06088383089412342,
        0.05971437799885417,
        0.05978619586676359,
        0.056866511053433925,
        0.059391493259957344,
        0.05974903570092989,
        0.05457577315356695,
        0.052813298464047184,
        0.05458711225990996,
        0.05360696538153923,
        0.05376308608913061,
        0.05428969470614737
    ],
    "sparsity_loss": [
        0.15028677299392945,
        0.02209619055925445,
        0.012134252137250522,
        0.009307743544041208,
        0.010246584241306691,
        0.00894507702270692,
        0.007577647447981166,
        0.006154396588857652,
        0.005414178725473132,
        0.005269887705446418,
        0.0043268588223409924,
        0.004895133361446135,
        0.0065508536415908375,
        0.0051357165899720385,
        0.005385036763706894,
        0.005705817690768251,
        0.004014870987951078,
        0.0038850805651622286,
        0.004385158705355769,
        0.004064582305903913,
        0.004525128977768349,
        0.0037658117450491495,
        0.003961415518653776,
        0.0032614419522525914,
        0.0026892010425923,
        0.0028121184273693484,
        0.0026522096454617426,
        0.0025449750246480107,
        0.002878672942505077,
        0.0025979786949006448,
        0.002347429861512148,
        0.0027380548717425854,
        0.0024422276306502295,
        0.0022119876177219503,
        0.0026427319583793483,
        0.0022071931056085636,
        0.001872071438948765,
        0.00187831904799113,
        0.001982415012069837,
        0.0019926644145567534,
        0.0020411813077799074,
        0.0019465393764249077,
        0.002185875946782868,
        0.0018637729843965535,
        0.0017769388946224794,
        0.001776747274120818,
        0.001676990731732186,
        0.00194700503242061,
        0.0017101495988864565,
        0.0018372451524941646
    ],
    "val_total_loss": [
        0.2105740983696545,
        0.15996056488331625,
        0.13518092781305313,
        0.12514504527344422,
        0.14918853079571442,
        0.13027489798910477,
        0.18361309959607966,
        0.18931961366358926,
        0.11927633820211186,
        0.13365665034336202,
        0.10432944622109919,
        0.12030881161198896,
        0.11043948899297153,
        0.1524292305111885,
        0.1065776043516748,
        0.1037574114606661,
        0.0983678363263607,
        0.12577244244954167,
        0.14345047096995747,
        0.13172222279450474,
        0.1102957282872761,
        0.1005064928356339,
        0.12223352667163401,
        0.1049755071015919,
        0.10080080829999026,
        0.12271257489919662,
        0.10074402983574306,
        0.08945221738780246,
        0.08862706668236676,
        0.09703249111771584,
        0.10941059405312818,
        0.09391767400152543,
        0.09881705637363826,
        0.10188634036218419,
        0.09092347586856168,
        0.08825974034912445,
        0.09412641713724416,
        0.08493983570267172,
        0.08462264169664944,
        0.0931512750685215,
        0.08354143491562675,
        0.09995365668745602,
        0.08521024378783562,
        0.08325775164891691,
        0.08702141923062942,
        0.08429356949294314,
        0.08295759405283366,
        0.08406359505127459,
        0.11021557669429217,
        0.08420188111417434
    ],
    "val_dft_loss": [
        0.18342171653228648,
        0.1448464853798642,
        0.12880813549546635,
        0.11795687960351214,
        0.11954557742266093,
        0.12087534170816927,
        0.17150512863607967,
        0.1386403853402418,
        0.1169164796524188,
        0.10461382107699618,
        0.10304308353978045,
        0.11106880053001292,
        0.10200134620946996,
        0.12027711114462684,
        0.10323303280507817,
        0.0974707717404646,
        0.09588488037971889,
        0.09956495924031034,
        0.10639364885933258,
        0.09645031896584175,
        0.10046562705846394,
        0.09648098489817451,
        0.09823556989431381,
        0.08748418202295023,
        0.09266053688000231,
        0.09045479950659416,
        0.09412771112778608,
        0.08662639339180554,
        0.08772714786669787,
        0.08910444093977704,
        0.08594745003125247,
        0.08994345366954803,
        0.0856189315809923,
        0.0881275582839461,
        0.08981255376163651,
        0.08397963095237226,
        0.08326371167512502,
        0.08427610533202395,
        0.0836485470919048,
        0.08387593092287288,
        0.08259800142225097,
        0.08420516769675647,
        0.08314601682564791,
        0.08225408963420812,
        0.08387001822976504,
        0.08175220340490341,
        0.08184884444755666,
        0.08324463051908157,
        0.08871233003104434,
        0.08347190346787958
    ],