sdr_orig_rounded,mean,std,Model,Duration,Metric
1.0,3.338125902089295,1.6824626831355844,Baseline,1.0,delta_sdr
3.0,6.394533203804058,2.383873920504642,Baseline,1.0,delta_sdr
5.0,7.6973185536359034,2.342555049115387,Baseline,1.0,delta_sdr
7.0,8.009850463986204,2.793477235487918,Baseline,1.0,delta_sdr
1.0,2.91458845809127,1.5550441425422117,Dynamic,1.0,delta_sdr
3.0,6.058981498197175,2.1791010510539355,Dynamic,1.0,delta_sdr
5.0,7.716351249508001,1.832962413478974,Dynamic,1.0,delta_sdr
7.0,8.049087932939422,2.792377338258946,Dynamic,1.0,delta_sdr
1.0,2.522567362721306,0.5736699345134679,ML1,1.0,delta_sdr
3.0,4.907920773876775,1.011281733688706,ML1,1.0,delta_sdr
5.0,6.334073751859132,1.0427732228593551,ML1,1.0,delta_sdr
7.0,6.916853399765529,2.134100026080206,ML1,1.0,delta_sdr
1.0,3.4149136880339945,1.4271326308837278,ML2,1.0,delta_sdr
3.0,6.422538415438943,2.281523478144708,ML2,1.0,delta_sdr
5.0,7.722491138109852,1.9610744608362978,ML2,1.0,delta_sdr
7.0,8.203961544227107,2.5265438229291877,ML2,1.0,delta_sdr
