{
    "total_loss": [
        0.32120342059559853,
        0.278978126774667,
        0.2570063136618794,
        0.2458782305896133,
        0.2380156973205523,
        0.2322353127050149,
        0.22721242427221677,
        0.2231192513097136,
        0.2196477158526785,
        0.21584560904421066,
        0.21295567908126747,
        0.2104955933011919,
        0.20774715386524603,
        0.20540142377099682,
        0.20275171699006922,
        0.2009563721636778,
        0.1986643358018326,
        0.19679147622283968,
        0.19472013176514594,
        0.19343568387633348,
        0.19131225130815074,
        0.1896148184907786,
        0.18801378712256628,
        0.18612877152697888,
        0.18503601810777986,
        0.18367979663360695,
        0.1821303709384429,
        0.18058361764039715,
        0.1792216290412642,
        0.17801628073826595,
        0.17648704886235886,
        0.17542058886940998,
        0.17422866859439018,
        0.1730004850471618,
        0.17185231130602932,
        0.17069125595188586,
        0.1693268301144587,
        0.16854200283913606,
        0.16729381334241197,
        0.16621395083886645,
        0.1651803421019627,
        0.16408221640443182,
        0.16347513763960733,
        0.162433706541587,
        0.16137559507097604,
        0.16041076780073607,
        0.15941840317831033,
        0.158597331117633,
        0.15795509072395597,
        0.15697127200944805
    ],
    "dft_loss": [
        0.3162166506394208,
        0.2767748127792744,
        0.25527906626461927,
        0.24437367639154622,
        0.23667275448968772,
        0.23100325254520837,
        0.22606506630502646,
        0.22206397135366557,
        0.21861388590020528,
        0.2148514051754854,
        0.21199507969738995,
        0.20955525164606323,
        0.20682576526580299,
        0.20449135293219,
        0.20187025383486235,
        0.2000788550340627,
        0.1977996673832851,
        0.1959444695196187,
        0.19388340557716258,
        0.19259889398560884,
        0.1904881398036806,
        0.18879666077819737,
        0.18720584277437044,
        0.18532384009159963,
        0.1842459698212212,
        0.182882730221906,
        0.1813449253911733,
        0.17981290857325755,
        0.17845615855878263,
        0.17725177768462144,
        0.17572707340959862,
        0.1746595985009446,
        0.1734709430432292,
        0.1722518882862377,
        0.17109606351345089,
        0.16994325044371886,
        0.16859025663033014,
        0.16780329720460854,
        0.16655880175213414,
        0.16547519886763906,
        0.16445125999582783,
        0.16336154458198687,
        0.1627555800241759,
        0.16170549928235875,
        0.16066078917091628,
        0.15969795998812297,
        0.15870504860778328,
        0.15788690255248305,
        0.15724277562734942,
        0.15627151844885454
    ],
    "sparsity_loss": [
        0.00997353995018422,
        0.004406628255908807,
        0.003454494769745367,
        0.0030091083079525275,
        0.002685886037283543,
        0.0024641204542064704,
        0.0022947159900999774,
        0.002110559655073271,
        0.0020676595896235023,
        0.0019884076590646446,
        0.001921198953051785,
        0.001880682983880642,
        0.0018427770630406678,
        0.0018201416740937938,
        0.0017629261516045219,
        0.0017550341273199906,
        0.001729336809286465,
        0.0016940134662087327,
        0.0016734525755122006,
        0.0016735798521654327,
        0.0016482230340498613,
        0.0016363155876873649,
        0.0016158886495015229,
        0.0016098628491865337,
        0.0015800966519657963,
        0.001594132726148971,
        0.0015708912640496895,
        0.001541417870931263,
        0.0015309408775532204,
        0.001529005971252599,
        0.0015199508813991572,
        0.0015219805382436053,
        0.0015154512290803711,
        0.0014971934260933999,
        0.0015124952821671596,
        0.0014960110610311688,
        0.0014731469066004475,
        0.0014774113385310045,
        0.0014700229888235516,
        0.0014775037989967009,
        0.0014581641853077425,
        0.0014413435366364094,
        0.0014391154021333413,
        0.0014564144807715793,
        0.0014296116789992714,
        0.0014256158000578232,
        0.001426709135729026,
        0.0014208570730903038,
        0.0014246300796030757,
        0.0013995071181415806
    ],
    "val_total_loss": [
        0.292893587714424,
        0.2673568030641902,
        0.261890542937354,
        0.2497931900676098,
        0.2363839318806475,
        0.2258642188543494,
        0.2561849410427952,
        0.21890032912092486,
        0.22243485032496127,
        0.2253743800298347,
        0.21378230758604,
        0.21345675103991288,
        0.2299135594847471,
        0.20293807220298524,
        0.23079378412556695,
        0.20363392552221798,
        0.21071576949680684,
        0.19688173140463666,
        0.200613068962002,
        0.1943963644537244,
        0.19594991949761842,
        0.20850600515597084,
        0.19689842705308455,
        0.19487672605757395,
        0.20619941842984166,
        0.1939383802841744,
        0.18824544680673727,
        0.19156249004488737,
        0.2016600153431119,
        0.18784442418748795,
        0.18890964362197818,
        0.18519327195070975,
        0.19330464889400223,
        0.19034533633384854,
        0.18392532153329227,
        0.1943823108923303,
        0.1852135091790228,
        0.1923405203945104,
        0.19744743851973026,
        0.19005018954862765,
        0.1822493601428119,
        0.19227330975065177,
        0.18068131683263283,
        0.19275711006202706,
        0.184008924610554,
        0.18043383771404461,
        0.18712107707077064,
        0.1822023729761474,
        0.19122409008269992,
        0.19581105651382308
    ],
    "val_dft_loss": [
        0.290677077120807,
        0.26163534321963333,
        0.2588486479468305,
        0.2486920904880188,
        0.23281263097519966,
        0.2234039246366718,
        0.2531161763789979,
        0.2175703009099647,
        0.2213988771472626,
        0.22416826418310695,
        0.21167533466989555,
        0.21102103293627436,
        0.2291775294357822,
        0.2021287450550761,
        0.2285668676390486,
        0.20276137725127563,
        0.2099862124657992,
        0.19484797445049276,
        0.1994257382715919,
        0.1934510954036841,
        0.19504750689927053,
        0.2076562234226743,
        0.19532784083313853,
        0.193290871355856,
        0.19243141776404354,
        0.19290484301846683,
        0.18718940001767273,
        0.19078650454853488,
        0.19991461891031853,
        0.18697102752602882,
        0.1878907639645161,
        0.18439018090146703,
        0.19258597752964327,
        0.18891463224832533,
        0.18326816735769022,
        0.18900141505135457,
        0.18394361617591926,
        0.1912675202936055,
        0.19617296369883405,
        0.18938183652597895,
        0.18144434706904639,
        0.19000788225270243,
        0.17996699806580974,
        0.18964174621863475,
        0.18326590941801618,
        0.17729608869901758,
        0.18648625665003618,
        0.18128390619490956,
        0.185225740884979,
        0.1950949459781193
    ],