{
    "total_loss": [
        1.0525385264895464,
        0.6530797224687902,
        0.6284216356120611,
        0.5897159607786882,
        0.5689193140715361,
        0.5457507315042772,
        0.5447058899230078,
        0.5227883239521792,
        0.5257367694652394,
        0.5021219768218304,
        0.496214465091103,
        0.4988271745019837,
        0.474158337045657,
        0.47379564935047375,
        0.47695417359079184,
        0.45374660782123866,
        0.45861525823803323,
        0.4383849057515985,
        0.4502155762165785,
        0.4210569728165865,
        0.4163383327816662,
        0.4205342614533086,
        0.4091804479493907,
        0.3934221899038867,
        0.396055701433828,
        0.3989675335193935,
        0.3895008096373395,
        0.38039986867653697,
        0.38214703610068873,
        0.3657016365935928,
        0.3650849764480403,
        0.3580322622468597,
        0.35834116420071377,
        0.34939825544623954,
        0.3364946339279413,
        0.3442492041932909,
        0.33175955869649587,
        0.32756402863091544,
        0.325049546694285,
        0.3200639489253885,
        0.32137772676191834,
        0.3105038237806998,
        0.30867587676958036,
        0.3006125755215946,
        0.3073411824083642,
        0.30918868366432817,
        0.2868544092695964,
        0.26686663092359114,
        0.2576369049615766,
        0.2558583645640235
    ],
    "dft_loss": [
        1.011993395066575,
        0.643271085855208,
        0.6199754425569585,
        0.5818046666681767,
        0.5615017463109995,
        0.5392606142712267,
        0.538502532400583,
        0.5170442097281155,
        0.5195643708698059,
        0.49700455475402505,
        0.49086111568306623,
        0.4938576905743072,
        0.46996354635216686,
        0.46967758650058195,
        0.47274439399571794,
        0.44967907069152907,
        0.4546504339301272,
        0.43479668937231364,
        0.4462169283314755,
        0.4172707942167395,
        0.41277665831148624,
        0.4170093074637024,
        0.4053776362224629,
        0.39007706891157123,
        0.3928024201212745,
        0.39575406967809323,
        0.3861626307234952,
        0.377144751482104,
        0.37885258082104356,
        0.362650992740926,
        0.3621312360230245,
        0.3551732986969383,
        0.35524523071944714,
        0.3464249616586848,
        0.33370401082854523,
        0.34137046493982015,
        0.32888850510904666,
        0.3249082445706192,
        0.32220556753638546,
        0.3173439477227236,
        0.3184001039909689,
        0.3079279171989152,
        0.3057528564608411,
        0.29786663512258155,
        0.30461126850231696,
        0.306476606350196,
        0.2842107535781045,
        0.2644963886000608,
        0.2550617872100127,
        0.25335265480374036
    ],
    "sparsity_loss": [
        0.08109026669990271,
        0.01961727208751989,
        0.016892385739514505,
        0.015822590662681154,
        0.014835134804199793,
        0.012980234603961244,
        0.01240671065476674,
        0.011488224849974932,
        0.012344798676694106,
        0.010234843916566061,
        0.010706693678481602,
        0.009938969135921644,
        0.008389580189893758,
        0.008236123786589718,
        0.00841955993459315,
        0.008135073799119135,
        0.007929646429961155,
        0.00717642939784319,
        0.007997291078362124,
        0.007572357286239582,
        0.007123348644726272,
        0.007049907680515102,
        0.007605623115332013,
        0.006690245124015124,
        0.006506565649607709,
        0.0064269280946494915,
        0.006676358184593387,
        0.006510233547918401,
        0.006588910138816573,
        0.006101288395400748,
        0.005907479762467311,
        0.005717927858074147,
        0.006191864309489335,
        0.005946588286621447,
        0.005581247328480363,
        0.005757479765299267,
        0.005742108224168126,
        0.005311568171907167,
        0.005687958914725306,
        0.005440003430090943,
        0.0059552469955585705,
        0.005151812866403672,
        0.005846041941702807,
        0.005491880739818474,
        0.0054598256829194725,
        0.005424154564695384,
        0.005287311590540125,
        0.004740484422654845,
        0.005150237245528076,
        0.005011417866243343
    ],
    "val_total_loss": [
        0.6693742353665201,
        0.642899263454111,
        0.6553647173078436,
        0.5785975224877659,
        0.5440895302515281,
        0.5263789104003656,
        0.5092853664567596,
        0.5061269629942743,
        0.49938435185896723,
        0.4882046846966994,
        0.5039376702747846,
        0.49945246859600667,
        0.5197136857007679,
        0.4931713883814059,
        0.4725955395322097,
        0.46810982846900034,
        0.4843044802546501,
        0.5004781210108807,
        0.49611313876352814,
        0.45859038829803467,
        0.46568007649559723,
        0.4541948516117899,
        0.4431200341174477,
        0.4594678596446389,
        0.5702072511378088,
        0.46528620704224233,
        0.463674096292571,
        0.42718340574126495,
        0.42137287635552256,
        0.4304539235798936,
        0.47356367464128296,
        0.4451490362223826,
        0.43594521872307124,
        0.464117059974294,
        0.4187967741959973,
        0.4305135113628287,
        0.41564063335719864,
        0.4356002529200755,
        0.42330660867063624,
        0.42642366533216675,
        0.39693069693289307,
        0.40396855340192195,
        0.4075208306312561,
        0.4126126072124431,
        0.4567576399759242,
        0.404318851859946,
        0.4128357109270598,
        0.3877426213339755,
        0.3883550300409919,
        0.3839986449793765
    ],
    "val_dft_loss": [
        0.6597853593136135,
        0.6340452291463551,
        0.6471352353692055,
        0.571420555836276,
        0.538676663448936,
        0.5213135425981722,
        0.5037682840698644,
        0.5008645692938253,
        0.49239242351368856,
        0.4829698793197933,
        0.49884475297049474,
        0.49212357166566345,
        0.5098076941151368,
        0.4896441509849147,
        0.46890869658244283,
        0.4623560050600453,
        0.4798730286328416,
        0.4947349068365599,
        0.49260829938085454,
        0.44911837930742066,
        0.46274481478490326,
        0.45112130359599467,
        0.4382015760791929,
        0.4558292360682237,
        0.5656503682073794,
        0.4581226428088389,
        0.4605946983945997,
        0.423000294911234,
        0.4174669667294151,
        0.4279403223803169,
        0.4696950767385332,
        0.44003805439723165,
        0.43307686048118693,
        0.46009049015609843,
        0.4160319421636431,
        0.42397611098069893,
        0.4111124241822644,
        0.43287591596967295,
        0.41999626394949463,
        0.4218932696078953,
        0.3943997739177001,
        0.4006375709646626,
        0.4045355853281523,
        0.40920476282113477,
        0.4440709830898988,
        0.40168413676713643,
        0.4084986601220934,
        0.38403458344308955,
        0.3857454022294597,
        0.38160497067790283
    ],