{
    "total_loss": [
        0.8152888467971314,
        0.5249716468313907,
        0.5064371079206467,
        0.4761025395165098,
        0.46596822681579186,
        0.4546283226698003,
        0.44195269840828916,
        0.4261235471101517,
        0.41715017167177604,
        0.416471669807079,
        0.41087677615120055,
        0.41228937230845714,
        0.4077590407526239,
        0.38188348345934076,
        0.3873693118704126,
        0.38388794184999264,
        0.3704854484568251,
        0.3748077157330006,
        0.38191179820197696,
        0.3733565287387117,
        0.357444832616664,
        0.33677816327582016,
        0.33127036722416575,
        0.3243284024139668,
        0.3223623836294134,
        0.3285690864666979,
        0.31631253897509676,
        0.3061676906778457,
        0.29810705876096766,
        0.2900725463603405,
        0.28473950367658696,
        0.2894338629347213,
        0.2811800755084829,
        0.28028597270554684,
        0.2777334523010761,
        0.2665987761413797,
        0.26281251187654253,
        0.26253674813407535,
        0.2612274324798838,
        0.2571146714877575,
        0.258734810701076,
        0.2531220605398746,
        0.250275064656075,
        0.2547207951862761,
        0.25176264567578094,
        0.2499926302661287,
        0.24484590734256076,
        0.2504133962570353,
        0.24502665565368978,
        0.2456587939820391
    ],
    "dft_loss": [
        0.7604458024527164,
        0.5176385536472848,
        0.4992897158607523,
        0.4696211707084737,
        0.4599654500154739,
        0.4496757083750786,
        0.4369005426130396,
        0.4211059913356253,
        0.41214980280145685,
        0.4118985135821586,
        0.4061008002212707,
        0.4070726560151323,
        0.4031508935892836,
        0.3777289070347522,
        0.3826991982282476,
        0.3795050564915576,
        0.36644544721917904,
        0.3705258271161546,
        0.3776804979177231,
        0.3687408081394561,
        0.35326897749241365,
        0.3329427576762565,
        0.32732474122275695,
        0.32099090453158036,
        0.3187492570661484,
        0.3250429478097469,
        0.31286222677915654,
        0.3028194561917731,
        0.29491884229665105,
        0.28694677749212755,
        0.2816022475983234,
        0.286336878512768,
        0.2780138369887433,
        0.2765628982414591,
        0.2748225914671066,
        0.26358901836136556,
        0.25986716801181753,
        0.259468452727541,
        0.258139302597401,
        0.2541238805080982,
        0.2558287849768679,
        0.2501539908190991,
        0.24727989511286957,
        0.2517046465518627,
        0.24892321213128718,
        0.24710806268960872,
        0.24199731291291562,
        0.24748842291375425,
        0.24210326991816786,
        0.2427837572833325
    ],
    "sparsity_loss": [
        0.10968608585523164,
        0.01466618089421474,
        0.014294785204680359,
        0.012962739354871373,
        0.012005556478818997,
        0.009905227269244163,
        0.010104311620222127,
        0.010035112482852283,
        0.010000739504206688,
        0.009146315486546843,
        0.009551950687037266,
        0.0104334257131918,
        0.009216294187973154,
        0.008309154165661001,
        0.00934023025415917,
        0.008765769993608936,
        0.008080006188197814,
        0.008563778702506518,
        0.00846260379841353,
        0.00923144010618884,
        0.00835170997356243,
        0.007670809750128141,
        0.007891252183632807,
        0.006674994570896663,
        0.007226254587913764,
        0.007052276734302336,
        0.0069006238506730405,
        0.006696468636522347,
        0.006376429934034798,
        0.006251538953833044,
        0.006274514140541408,
        0.006193969344244676,
        0.006332475921149028,
        0.007446150087374956,
        0.00582172282837688,
        0.006019513376621886,
        0.00589068493795918,
        0.006136592527098478,
        0.006176259466496474,
        0.0059815817004802855,
        0.00581204976658634,
        0.005936139394489533,
        0.005990338321042029,
        0.00603229851967239,
        0.005678866674103081,
        0.005769133720140746,
        0.005697187431344881,
        0.0058499461057239235,
        0.0058467721435281035,
        0.005750073692166901
    ],
    "val_total_loss": [
        0.5789566710591316,
        0.653331791361173,
        0.509694634626309,
        0.5122135952115059,
        0.5409172537426153,
        0.47939495866497356,
        0.45178722962737083,
        0.6113320738077164,
        0.4521908685564995,
        0.43957334384322166,
        0.6106422630449136,
        0.5250195302069187,
        0.4277225856979688,
        0.42795691390832263,
        0.42330246418714523,
        0.4510641035934289,
        0.45626118158300716,
        0.4812551625072956,
        0.4726512022316456,
        0.4437648970633745,
        0.43241361156105995,
        0.4119194224476814,
        0.4340590815991163,
        0.48588556175430614,
        0.44537454346815747,
        0.41377276989320916,
        0.42462654535969097,
        0.4253673118849595,
        0.4171517031888167,
        0.42011507600545883,
        0.4299014148612817,
        0.42428057206173736,
        0.4159452685465415,
        0.4142624686161677,
        0.4150005013992389,
        0.416793555021286,
        0.41590234947701293,
        0.4154443635294835,
        0.4220491424202919,
        0.4220138390858968,
        0.41822693434854347,
        0.4211850905170043,
        0.4223405197262764,
        0.4178359694778919,
        0.4200613374511401,
        0.4212683252990246,
        0.41977673148115474,
        0.42071366496384144,
        0.42099914823969203,
        0.4226542226970196
    ],
    "val_dft_loss": [
        0.5698391497135162,
        0.6438944898545742,
        0.5054085999727249,
        0.505632913360993,
        0.5237393577893575,
        0.4751129299402237,
        0.44836964334050816,
        0.6031409005324045,
        0.44767311712106067,
        0.43617088347673416,
        0.6035874572892984,
        0.5186130267878374,
        0.4242139011621475,
        0.42363515372077626,
        0.41885038527349633,
        0.44557589789231616,
        0.45336996763944626,
        0.47529109194874763,
        0.4685981174310048,
        0.4401956417908271,
        0.42864761625727016,
        0.4093571187307437,
        0.4313285357008378,
        0.48336638634403545,
        0.44210244466861087,
        0.4113199586669604,
        0.4220937130351861,
        0.4225168526172638,
        0.4147222911318143,
        0.4173937415083249,
        0.42756209274133045,
        0.42163267855842906,
        0.41312014994521934,
        0.41191726736724377,
        0.41263442300260067,
        0.41453706411023933,
        0.4137149006128311,
        0.41306132078170776,
        0.4194716215133667,
        0.41961975147326785,
        0.41603123520811397,
        0.41906140744686127,
        0.4202100882927577,
        0.415280560652415,
        0.4175201461960872,
        0.41916730379064876,
        0.4176366465787093,
        0.4184530110408862,
        0.418868001550436,
        0.42049996244410676
    ],