{
    "total_loss": [
        0.36180266847146586,
        0.31095020890939434,
        0.28726669015953504,
        0.27426388054013706,
        0.2651502607978409,
        0.25793176560080106,
        0.25218574436345176,
        0.2477183323351009,
        0.24260159742588064,
        0.23810817605843043,
        0.23413941324275245,
        0.23008472047236173,
        0.2269408000170483,
        0.22386608699470703,
        0.22092777511001124,
        0.21856734918498985,
        0.2158081355147886,
        0.21309231263781933,
        0.21098154847025347,
        0.20823463844488177,
        0.2066893878957817,
        0.20505606706351953,
        0.20278778646843815,
        0.20055233341242587,
        0.19920103372771644,
        0.19719984670418106,
        0.19589930077237622,
        0.1851734376684571,
        0.18302176585756103,
        0.1812750389713802,
        0.18020325799314385,
        0.17882751727446983,
        0.17758336880428766,
        0.17668299025425574,
        0.17526314417162336,
        0.1747963933862022,
        0.1735790825065415,
        0.1728387582410647,
        0.17154535046174874,
        0.17055901957200073,
        0.1696885905163796,
        0.16865837959611982,
        0.16766058405252976,
        0.16195102525586202,
        0.16091137143288883,
        0.1600805285590342,
        0.15946636116031349,
        0.158877975642666,
        0.1582091071804707,
        0.15762319523088728
    ],
    "dft_loss": [
        0.35619602849766474,
        0.3083882490210779,
        0.28547841653623923,
        0.2727716356978018,
        0.2637932086942992,
        0.256691982509272,
        0.2510094644125849,
        0.24659032229101285,
        0.24151780646777152,
        0.237057220076364,
        0.23312805267403636,
        0.22909408335692907,
        0.22598424297631456,
        0.22292416761362183,
        0.2200217382300512,
        0.21767906223280653,
        0.21493589956196452,
        0.21223546081279038,
        0.21013592709046366,
        0.20740207323645246,
        0.20585345862963986,
        0.2042407434767826,
        0.2019841726759733,
        0.19975102736183253,
        0.19841432304865403,
        0.196410170922966,
        0.19511553807258686,
        0.18446805154112494,
        0.18232290872077364,
        0.18058863774285192,
        0.17951475890319052,
        0.17814038186439907,
        0.17689865740752897,
        0.17600095128712095,
        0.17458678661791197,
        0.17411926179911108,
        0.17290511763341185,
        0.17215881444986514,
        0.1708743774548306,
        0.16989720845620201,
        0.16901851104417698,
        0.16799814556473341,
        0.16699973373934404,
        0.1613171492568197,
        0.16028273380608438,
        0.1594580180798879,
        0.15884391904719883,
        0.15825346259206727,
        0.15758525151623315,
        0.1570016035178396
    ],
    "sparsity_loss": [
        0.011213279974469723,
        0.005123919440509513,
        0.003576547406489474,
        0.002984489719991166,
        0.002714104037342575,
        0.0024795660807773673,
        0.0023525599194431676,
        0.0022560198712143933,
        0.0021675817966157703,
        0.0021019118988303267,
        0.002022721295656698,
        0.00198127418752847,
        0.0019131138199346026,
        0.0018838389568081452,
        0.0018120736851387571,
        0.0017765738870892094,
        0.0017444720348515608,
        0.0017137039428394313,
        0.0016912427462010117,
        0.0016651304968508594,
        0.0016718584514488941,
        0.0016306472070523755,
        0.001607227586087248,
        0.001602611931107217,
        0.0015734214938875792,
        0.0015793514187023832,
        0.0015675254031871446,
        0.001410772395529696,
        0.0013977141306492082,
        0.0013728026204821362,
        0.0013769983838953022,
        0.0013742708132770125,
        0.0013694227081114977,
        0.0013640779397196658,
        0.0013527152317440545,
        0.0013542631938112228,
        0.0013479298615367472,
        0.0013598877234180377,
        0.0013419458683958383,
        0.0013236223203913257,
        0.0013401589359471244,
        0.001320468058505851,
        0.0013217007053793431,
        0.0012677517907877503,
        0.0012572753057680309,
        0.0012450207744171824,
        0.0012448841681732053,
        0.0012490261097175817,
        0.001247711318433274,
        0.001243183439993665
    ],
    "val_total_loss": [
        0.31367737222946696,
        0.29138100528847666,
        0.27029714156325213,
        0.2655826249024811,
        0.27452217434327325,
        0.26027869587881064,
        0.2564988445472456,
        0.24305559379286515,
        0.23655540291199792,
        0.24157665606015624,
        0.23150578278895,
        0.24609921894084613,
        0.24793916844936226,
        0.23860041333213286,
        0.2270900278283662,
        0.21683331988187451,
        0.23131159946798183,
        0.21943099951589262,
        0.21126565381227408,
        0.21700082744725727,
        0.21113041539180588,
        0.21373155612389666,
        0.21236726976689194,
        0.21404222743001108,
        0.21368712387995156,
        0.21861222790235663,
        0.22520354455558672,
        0.20038889103883564,
        0.19586042138683363,
        0.2049833983344175,
        0.19386813339668435,
        0.1961790534437864,
        0.195230055784855,
        0.21060802516309762,
        0.2006150687050913,
        0.19698583891361274,
        0.18978322640936257,
        0.19254739315740893,
        0.1980041092799904,
        0.1963797230837923,
        0.19052270822755155,
        0.20786545428878817,
        0.19938437912504298,
        0.19383336043537663,
        0.190132333966601,
        0.18997885705600795,
        0.18567168835280423,
        0.1934655088461629,
        0.18551179796187167,
        0.18483621652693652
    ],
    "val_dft_loss": [
        0.3113174765407071,
        0.2895624690015853,
        0.2690798601183992,
        0.2641609063436523,
        0.27333713107585134,
        0.2592446084075821,
        0.25561464014080115,
        0.2420422519301165,
        0.23554625455794043,
        0.24078047663997457,
        0.23053994051430746,
        0.24529081208578984,
        0.24706477593646678,
        0.2375040511284185,
        0.22633187339068653,
        0.21608800827162702,
        0.2306177335482865,
        0.21870535176279612,
        0.2104600533728137,
        0.21617394114050256,
        0.21027319394737418,
        0.21297802174568692,
        0.21162545186511816,
        0.21337182171747604,
        0.21302039551375296,
        0.21781828056504846,
        0.2244576781502324,
        0.19978951617321444,
        0.19524673501420686,
        0.20435999467912497,
        0.19325889956742298,
        0.19558972159896482,
        0.1946408209396986,
        0.2099977420467593,
        0.2000169175519765,
        0.19640442476712683,
        0.18920344851802212,
        0.19196197408497398,
        0.19740850180064962,
        0.195814927589366,
        0.18991067211820997,
        0.20713701697965495,
        0.19864569692388662,
        0.19327375179285675,
        0.18955910143752894,
        0.1894377334803359,
        0.1851152966657726,
        0.19290950693778727,
        0.18495817837966566,
        0.18428433121250562
    ],